city_id,City,Cloudiness,Country,Date,Humidity,Lat,Lng,Max Temp,Wind Speed
0,hithadhoo,48,MV,1530250417,100,-0.6,73.08,83.3,5.95
1,mataura,92,NZ,1530250417,100,-46.19,168.86,44.24,3.38
2,carnarvon,12,ZA,1530250417,79,-30.97,22.13,32.36,6.96
3,ribeira grande,56,PT,1530250417,100,38.52,-28.7,70.34,16.69
4,hasaki,20,JP,1530246600,62,35.73,140.83,89.6,19.46
5,bethel,90,US,1530247980,51,60.79,-161.76,62.6,4.72
6,nelson bay,8,AU,1530248400,54,-32.72,152.14,59.0,17.22
7,ushuaia,12,AR,1530250208,100,-54.81,-68.31,13.55,2.93
8,touros,36,BR,1530249837,84,-5.2,-35.46,75.56,13.56
9,ulverstone,88,AU,1530250418,90,-41.16,146.17,48.02,3.04
10,ponta do sol,0,BR,1530250418,68,-20.63,-46.0,58.01,6.85
11,hobyo,0,SO,1530250418,61,5.35,48.53,82.76,21.05
12,punta arenas,40,CL,1530248400,80,-53.16,-70.91,33.8,13.87
13,mareeba,40,AU,1530248400,65,-16.99,145.42,80.6,18.34
14,ilulissat,48,GL,1530247800,86,69.22,-51.1,37.4,6.93
15,camacha,40,PT,1530248400,88,33.08,-16.33,71.6,20.8
16,yulara,0,AU,1530248400,15,-25.24,130.99,68.0,8.05
17,mayo,75,CA,1530248400,93,63.59,-135.9,55.4,3.36
18,hilo,90,US,1530248160,94,19.71,-155.08,73.4,4.7
19,albany,20,US,1530248040,77,42.65,-73.75,69.8,5.82
20,luderitz,32,NA,1530249666,92,-26.65,15.16,46.94,8.97
21,castro,92,CL,1530250420,99,-42.48,-73.76,47.84,14.45
22,hamada,75,JP,1530248400,100,34.9,132.08,73.4,17.22
23,nikolskoye,40,RU,1530248400,56,59.7,30.79,68.0,8.95
24,dikson,76,RU,1530250420,100,73.51,80.55,35.51,8.97
25,saint george,20,GR,1530247800,72,39.45,22.34,68.0,6.93
26,roma,0,IT,1530248100,77,41.89,12.48,66.2,3.36
27,ust-tsilma,36,RU,1530250421,54,65.44,52.15,63.41,4.61
28,beringovskiy,32,RU,1530250421,100,63.05,179.32,46.76,3.71
29,bluff,0,AU,1530250421,54,-23.58,149.07,75.83,8.08
30,mar del plata,80,AR,1530250421,85,-46.43,-67.52,42.53,11.88
31,upernavik,0,GL,1530250421,81,72.79,-56.15,40.01,6.73
32,rikitea,0,PF,1530250421,97,-23.12,-134.97,77.45,19.04
33,kapaa,75,US,1530248820,78,22.08,-159.32,80.6,16.11
34,wewak,48,PG,1530250422,89,-3.55,143.63,80.42,3.04
35,lebu,68,ET,1530250422,94,8.96,38.73,54.59,3.94
36,chokurdakh,0,RU,1530250422,81,70.62,147.9,45.14,8.19
37,esperance,20,TT,1530248400,100,10.24,-61.45,77.0,8.05
38,stillwater,1,US,1530249300,69,36.12,-97.06,84.2,5.82
39,busselton,44,AU,1530250423,100,-33.64,115.35,59.0,4.5
40,altamont,1,CA,1530249300,57,49.4,-98.5,75.2,3.36
41,georgetown,20,GY,1530248400,100,6.8,-58.16,75.2,4.7
42,new norfolk,75,AU,1530248400,87,-42.78,147.06,50.0,8.05
43,havoysund,75,NO,1530249600,87,71.0,24.66,42.8,11.41
44,larvik,0,NO,1530249600,47,59.05,10.04,59.0,6.93
45,batagay,8,RU,1530250424,43,67.65,134.64,69.26,7.74
46,aden,0,YE,1530250424,94,12.79,45.03,83.84,10.65
47,russell,0,AR,1530248400,61,-33.01,-68.8,50.0,3.36
48,lakatoro,92,VU,1530250425,83,-16.11,167.42,78.26,13.89
49,san pedro carcha,32,GT,1530250425,100,15.48,-90.31,64.85,0.58
50,atar,0,MR,1530250425,34,20.52,-13.05,71.87,5.39
51,dalton,40,US,1530248640,100,34.77,-84.97,68.0,2.26
52,mmathubudukwane,0,BW,1530248400,67,-24.61,26.43,41.0,2.24
53,north bend,1,US,1530249300,82,43.41,-124.22,57.2,5.82
54,hermanus,92,ZA,1530250426,91,-34.42,19.24,45.86,5.17
55,east london,0,ZA,1530248400,66,-33.02,27.91,50.0,8.05
56,jamestown,0,AU,1530250426,55,-33.21,138.6,54.59,15.68
57,namibe,12,AO,1530250426,100,-15.19,12.15,67.73,4.94
58,tuktoyaktuk,90,CA,1530248400,76,69.44,-133.03,50.0,6.93
59,makakilo city,90,US,1530249060,83,21.35,-158.09,80.6,3.36
60,harwich,90,US,1530249300,100,41.69,-70.08,71.6,6.93
61,san andres,0,PH,1530250427,100,13.32,122.68,84.38,5.61
62,sala,0,SE,1530249600,54,59.92,16.61,57.2,16.11
63,mahebourg,20,MU,1530248400,56,-20.41,57.7,73.4,9.17
64,nguru,0,NG,1530250428,86,12.88,10.45,72.77,9.98
65,abu samrah,68,SY,1530250428,61,35.3,37.18,75.83,14.34
66,bonavista,92,CA,1530249864,75,48.65,-53.11,52.97,16.58
67,rybnaya sloboda,0,RU,1530248400,46,55.46,50.14,73.4,8.95
68,high level,90,CA,1530248400,87,58.52,-117.13,53.6,3.36
69,atuona,24,PF,1530250429,98,-9.8,-139.03,80.87,16.35
70,vaini,92,IN,1530250429,99,15.34,74.49,71.24,7.63
71,faanui,48,PF,1530250429,99,-16.48,-151.75,81.5,11.43
72,wageningen,0,NL,1530249900,82,51.98,5.66,60.8,4.7
73,tiksi,0,RU,1530250429,70,71.64,128.87,49.1,10.76
74,daru,92,SL,1530250429,99,7.99,-10.85,71.6,3.94
75,novikovo,0,UA,1530250429,79,45.05,34.56,77.72,4.72
76,iqaluit,75,CA,1530248400,96,63.75,-68.52,33.8,3.36
77,palana,0,RU,1530250430,52,59.08,159.95,60.89,7.52
78,port alfred,0,ZA,1530250430,100,-33.59,26.89,55.13,7.96
79,leningradskiy,48,RU,1530250430,94,69.38,178.42,33.89,4.61
80,barsovo,40,RU,1530248400,65,61.17,73.17,77.0,8.95
81,butaritari,68,KI,1530250430,100,3.07,172.79,83.21,9.75
82,adrar,0,DZ,1530248400,14,27.87,-0.29,86.0,16.11
83,provideniya,90,RU,1530248400,93,64.42,-173.23,46.4,4.47
84,jining,80,CN,1530250431,49,35.41,116.58,90.68,6.06
85,beroroha,20,MG,1530250431,77,-21.68,45.17,65.48,4.16
86,ancud,92,CL,1530250431,89,-41.87,-73.83,49.73,14.79
87,dunedin,12,NZ,1530250373,99,-45.87,170.5,37.94,2.71
88,souillac,0,FR,1530248400,68,45.6,-0.6,64.4,6.93
89,kodiak,1,US,1530247980,79,39.95,-94.76,84.2,11.41
90,bredasdorp,92,ZA,1530244800,81,-34.53,20.04,44.6,2.24
91,itarema,12,BR,1530250432,83,-2.92,-39.92,77.27,13.33
92,mangrol,88,IN,1530250432,100,25.33,76.51,77.27,7.74
93,asosa,56,ET,1530250432,98,10.07,34.53,66.56,3.83
94,waitati,12,NZ,1530250432,99,-45.75,170.57,37.94,2.71
95,sola,20,NO,1530247800,87,58.89,5.65,55.4,2.24
96,taiyuan,0,CN,1530248400,33,37.86,112.56,86.0,6.71
97,saskylakh,0,RU,1530250433,78,71.97,114.09,57.65,4.38
98,kahului,40,US,1530248160,78,20.89,-156.47,77.0,14.99
99,cape town,75,ZA,1530248400,87,-33.93,18.42,51.8,12.75
100,kathu,0,ZA,1530250433,65,-27.7,23.05,34.88,4.05
101,barrow,88,AR,1530250433,88,-38.31,-60.23,41.36,2.93
102,eyl,0,SO,1530250433,63,7.98,49.82,86.72,23.51
103,cienfuegos,0,CU,1530248340,94,22.15,-80.44,77.0,6.93
104,rio grande,92,BR,1530249826,92,-32.03,-52.1,60.17,9.19
105,merauke,56,ID,1530249835,86,-8.49,140.4,80.96,16.02
106,langsa,44,ID,1530250434,88,4.47,97.97,81.59,3.15
107,udachnyy,56,RU,1530250434,57,66.42,112.4,61.16,3.71
108,bud,40,NO,1530249600,71,62.91,6.91,53.6,3.36
109,hamilton,20,CA,1530248400,88,43.26,-79.87,69.8,8.05
110,lagoa,0,PT,1530248400,77,37.14,-8.45,64.4,3.36
111,bulgan,0,MN,1530250435,42,48.81,103.53,82.13,3.83
112,lons-le-saunier,0,FR,1530248400,72,46.67,5.56,64.4,14.99
113,umea,0,SE,1530247800,76,63.83,20.26,53.6,14.99
114,port elizabeth,1,US,1530248160,78,39.31,-74.98,77.0,5.82
115,barra do garcas,0,BR,1530249661,78,-15.89,-52.26,60.44,3.15
116,dingle,44,PH,1530250435,79,11.0,122.67,85.28,7.07
117,srednekolymsk,24,RU,1530250435,43,67.46,153.71,52.07,5.95
118,vestmannaeyjar,100,IS,1530250436,97,63.44,-20.27,50.36,17.25
119,sungaipenuh,12,ID,1530250436,78,-2.08,101.38,76.46,0.36
120,yar-sale,8,RU,1530250436,73,66.83,70.83,50.18,18.14
121,marana,90,US,1530248400,22,32.44,-111.22,91.4,10.29
122,san jeronimo,0,PE,1530250436,78,-13.65,-73.37,27.41,2.71
123,richards bay,44,ZA,1530250437,90,-28.77,32.06,55.31,6.62
124,henties bay,20,NA,1530250437,100,-22.12,14.28,52.16,3.27
125,chuy,92,UY,1530250437,97,-33.69,-53.46,56.93,10.54
126,aquin,44,HT,1530250437,100,18.28,-73.39,79.7,13.67
127,muros,20,ES,1530246600,100,42.77,-9.06,59.0,5.82
128,shimoda,75,JP,1530248400,94,34.7,138.93,78.8,17.22
129,lubango,0,AO,1530250144,67,-14.92,13.49,46.49,3.6
130,dongsheng,92,CN,1530250438,88,29.72,112.52,87.17,2.48
131,san cristobal,75,EC,1530248400,93,-0.39,-78.55,50.0,5.82
132,banjar,56,ID,1530250438,60,-7.37,108.54,81.86,8.41
133,sitka,0,US,1530249853,31,37.17,-99.65,88.07,21.05
134,tura,44,IN,1530250439,84,25.52,90.21,83.39,4.94
135,saldanha,0,PT,1530250439,93,41.42,-6.55,55.49,2.82
136,maceio,75,BR,1530248400,100,-9.67,-35.74,68.0,4.7
137,bedford,90,GB,1530249600,100,52.14,-0.47,55.4,10.29
138,mattru,80,SL,1530249844,99,7.62,-11.83,72.86,2.48
139,san lorenzo,0,PY,1530248400,73,-25.34,-57.51,69.8,6.93
140,yuncheng,88,CN,1530250440,59,35.03,111.0,86.27,3.27
141,klaksvik,36,FO,1530249600,100,62.23,-6.59,46.4,6.93
142,narsaq,88,GL,1530247800,87,60.91,-46.05,42.8,1.36
143,puerto ayora,68,EC,1530250440,99,-0.74,-90.35,71.69,10.65
144,tutayev,0,RU,1530250440,51,57.89,39.54,76.46,4.61
145,saint-philippe,1,CA,1530248400,93,45.36,-73.48,68.0,5.82
146,killybegs,0,IE,1530249864,78,54.63,-8.45,61.61,4.61
147,salgueiro,76,BR,1530250441,80,-8.07,-39.12,67.28,9.08
148,aranjuez,0,ES,1530246600,82,40.03,-3.6,64.4,4.7
149,tuatapere,88,NZ,1530250441,100,-46.13,167.69,46.31,4.16
150,elizabeth city,1,US,1530248340,100,36.3,-76.22,80.6,3.04
151,whitefish,90,US,1530248100,87,48.41,-114.33,55.4,2.37
152,imbituba,40,BR,1530248400,93,-28.24,-48.67,64.4,5.73
153,hobart,75,AU,1530248400,87,-42.88,147.33,50.0,8.05
154,sayyan,0,YE,1530250442,14,15.17,44.32,79.97,2.48
155,liwale,68,TZ,1530250442,84,-9.8,37.92,69.89,5.39
156,santiago del estero,64,AR,1530250442,93,-27.8,-64.26,53.87,2.93
157,solnechnyy,80,RU,1530250442,88,50.72,136.64,68.99,3.6
158,pevek,56,RU,1530250443,80,69.7,170.27,40.37,6.4
159,south yuba city,1,US,1530248280,53,39.12,-121.64,75.2,4.7
160,vangaindrano,0,MG,1530250443,92,-23.35,47.6,65.84,3.38
161,arraias,0,BR,1530250443,56,-12.93,-46.94,66.83,11.43
162,capinzal,36,BR,1530250443,98,-27.34,-51.61,60.17,9.75
163,biak,88,ID,1530250443,97,-0.91,122.88,77.63,3.71
164,la peca,32,PE,1530250443,98,-5.61,-78.44,58.73,0.58
165,biltine,20,TD,1530250444,76,14.53,20.93,75.65,11.99
166,tambacounda,0,SN,1530248400,78,13.77,-13.67,80.6,4.7
167,puerto ayacucho,88,CO,1530249854,99,5.66,-67.63,72.05,1.7
168,katsuura,75,JP,1530249600,88,33.93,134.5,80.6,6.93
169,la esperanza,1,HN,1530248280,100,14.31,-88.18,71.6,4.7
170,alta floresta,0,BR,1530250445,70,-9.87,-56.08,70.7,2.93
171,avarua,20,CK,1530244800,53,-21.21,-159.78,73.4,4.7
172,ushtobe,0,KZ,1530250445,33,45.25,77.98,83.39,16.46
173,aklavik,90,CA,1530248400,87,68.22,-135.01,53.6,6.93
174,san pedro,92,AR,1530250446,96,-33.68,-59.66,56.66,3.6
175,deneysville,0,ZA,1530250446,91,-26.89,28.1,47.48,12.88
176,matara,0,PE,1530250447,78,-13.74,-72.9,27.41,2.71
177,espinosa,0,BR,1530250447,96,-14.92,-42.81,58.64,9.42
178,tokur,76,RU,1530250447,79,53.13,132.9,64.67,2.71
179,coahuayana,88,MX,1530250447,97,18.62,-100.35,64.04,1.92
180,novosysoyevka,88,RU,1530250447,79,44.23,133.36,72.14,3.71
181,bauta,0,CU,1530248100,94,22.98,-82.55,75.2,2.24
182,ayan,20,TR,1530250448,75,40.67,33.6,62.87,2.93
183,nyurba,8,RU,1530250448,50,63.29,118.35,74.93,4.27
184,ginda,56,IN,1530250448,91,30.69,78.49,68.45,1.81
185,gilgit,92,PK,1530250448,100,35.92,74.31,36.77,0.13
186,nazas,92,MX,1530250448,98,25.22,-104.11,59.18,2.93
187,bowen,75,AU,1530244800,65,-20.01,148.25,78.8,13.87
188,pyaozerskiy,92,RU,1530250448,99,65.83,31.17,47.12,14.67
189,civitavecchia,20,IT,1530248100,77,42.09,11.79,62.6,4.72
190,necochea,80,AR,1530249855,95,-38.55,-58.74,44.06,4.27
191,iwanai,92,JP,1530250449,95,42.97,140.51,63.68,4.38
192,leh,88,IN,1530250449,99,34.16,77.58,32.27,1.92
193,bambous virieux,20,MU,1530248400,56,-20.34,57.76,73.4,9.17
194,alofi,8,NU,1530244800,60,-19.06,-169.92,73.4,10.29
195,lindas,20,NO,1530250449,95,60.74,5.16,51.26,2.59
196,namatanai,36,PG,1530250450,100,-3.66,152.44,80.69,6.62
197,victoria,75,BN,1530246600,79,5.28,115.24,87.8,4.7
198,sao filipe,0,CV,1530250450,99,14.9,-24.5,73.49,15.79
199,hopkinsville,20,US,1530248160,94,36.87,-87.49,71.6,2.48
200,augusta,90,US,1530248160,100,44.31,-69.78,66.2,6.4
201,denpasar,20,ID,1530246600,70,-8.65,115.22,84.2,16.11
202,zeya,88,RU,1530250450,89,53.74,127.27,64.94,2.93
203,mtwara,64,TZ,1530250451,100,-10.28,40.18,76.19,13.67
204,batemans bay,20,AU,1530250451,95,-35.71,150.18,55.13,1.7
205,haguenau,0,FR,1530249600,68,48.82,7.79,68.0,8.05
206,yellowknife,75,CA,1530248400,87,62.45,-114.38,55.4,3.36
207,lodeynoye pole,48,RU,1530250451,46,60.73,33.55,74.66,8.63
208,tasiilaq,92,GL,1530247800,86,65.61,-37.64,41.0,25.28
209,celestun,0,MX,1530250451,96,20.87,-90.4,83.03,19.82
210,wasilla,90,US,1530248160,55,61.58,-149.44,62.6,4.7
211,nizhniy kuranakh,32,RU,1530250452,77,58.84,125.49,65.75,3.38
212,broken hill,12,AU,1530249871,65,-31.97,141.45,56.39,12.33
213,lompoc,75,US,1530248280,82,34.64,-120.46,66.2,16.11
214,longyearbyen,75,NO,1530247800,75,78.22,15.63,41.0,14.99
215,naze,90,NG,1530248400,100,5.43,7.07,71.6,5.61
216,genhe,36,CN,1530250416,79,50.78,121.52,65.21,8.3
217,susanville,1,US,1530248100,32,40.42,-120.65,69.8,6.93
218,ukiah,1,US,1530248160,42,39.15,-123.21,66.2,9.17
219,bathsheba,40,BB,1530248400,78,13.22,-59.52,80.6,20.8
220,lufkin,1,US,1530249000,78,31.34,-94.73,82.4,8.05
221,severo-kurilsk,92,RU,1530250453,96,50.68,156.12,45.23,14.23
222,aldan,32,RU,1530250453,77,58.61,125.39,65.75,3.38
223,sept-iles,90,CA,1530248400,77,50.2,-66.38,59.0,5.82
224,port moresby,40,PG,1530244800,66,-9.47,147.16,87.8,17.22
225,yandyki,20,RU,1530250453,55,45.77,47.13,91.85,15.79
226,faya,32,SA,1530248400,17,18.39,42.45,80.6,4.5
227,cabo san lucas,5,MX,1530247500,51,22.89,-109.91,80.6,5.82
228,sinnamary,12,GF,1530250454,98,5.38,-52.96,80.33,6.4
229,saint-augustin,20,FR,1530248400,82,44.83,-0.61,62.6,1.12
230,te anau,32,NZ,1530250454,93,-45.41,167.72,35.96,2.48
231,guerrero negro,64,MX,1530250454,98,27.97,-114.04,62.87,6.96
232,berlevag,75,NO,1530247800,87,70.86,29.09,44.6,16.11
233,yerbogachen,64,RU,1530250454,56,61.28,108.01,70.7,6.51
234,flinders,75,AU,1530244800,47,-34.58,150.85,59.0,18.34
235,torbay,75,CA,1530248400,82,47.66,-52.73,57.2,23.04
236,rudnogorsk,12,RU,1530250455,42,57.27,103.75,77.09,4.83
237,the valley,20,AI,1530248400,69,18.22,-63.06,80.6,9.17
238,veraval,0,FR,1530248400,77,49.65,0.71,62.6,9.17
239,swan hill,80,AU,1530250455,94,-35.34,143.56,52.07,11.21
240,santiago,75,CL,1530248400,87,-33.44,-70.65,50.0,3.36
241,arraial do cabo,0,BR,1530250456,95,-22.97,-42.02,69.44,11.99
242,juegang,32,CN,1530250456,94,32.31,121.18,80.06,6.51
243,vanavara,88,RU,1530250457,53,60.35,102.28,73.22,4.27
244,lorengau,36,PG,1530249860,100,-2.02,147.27,83.39,4.16
245,ust-nera,68,RU,1530250457,61,64.57,143.24,56.39,2.37
246,gizo,40,IL,1530247800,57,31.8,34.94,80.6,8.05
247,muscat,0,OM,1530247800,59,23.6,58.55,95.0,9.17
248,massaguet,20,TD,1530248400,74,12.48,15.44,78.8,9.19
249,greenwood,1,US,1530248160,100,34.2,-82.16,75.2,3.36
250,qianguo,0,CN,1530250205,49,45.12,124.86,85.19,11.65
251,hualmay,24,PE,1530250458,91,-11.1,-77.61,51.17,3.27
252,urucara,20,BR,1530250458,87,-2.54,-57.76,75.74,2.37
253,alyangula,68,AU,1530250458,82,-13.85,136.42,80.69,15.57
254,lokot,32,RU,1530250458,54,52.57,34.57,74.84,10.98
255,paciran,24,ID,1530250458,53,-6.9,112.33,91.13,4.94
256,kysyl-syr,0,RU,1530250459,41,63.9,122.77,72.77,5.5
257,ostrovnoy,92,RU,1530250459,100,68.05,39.51,44.87,7.85
258,bologoye,0,RU,1530250459,49,57.88,34.11,76.82,7.63
259,puerto suarez,0,BO,1530250459,79,-18.96,-57.8,68.0,4.5
260,dauphin,75,CA,1530248400,63,51.15,-100.04,66.2,3.36
261,nanortalik,80,GL,1530250459,99,60.14,-45.24,36.14,17.47
262,clyde river,1,CA,1530248400,89,70.47,-68.59,35.6,24.16
263,humaita,0,AR,1530248400,93,-24.93,-65.37,48.2,2.24
264,normal,1,US,1530248160,94,40.51,-88.99,73.4,9.17
265,virginia beach,1,US,1530249300,88,36.85,-75.98,80.6,3.04
266,samana,20,EC,1530250460,99,0.12,-76.97,66.83,2.04
267,port blair,88,IN,1530249776,100,11.67,92.75,77.27,9.31
268,isla mujeres,40,MX,1530247500,94,21.23,-86.73,80.6,6.51
269,boende,44,CD,1530250460,93,-0.28,20.88,73.04,3.04
270,kralendijk,88,BQ,1530248100,78,12.15,-68.27,80.6,14.99
271,kamalasai,75,TH,1530244800,70,16.34,103.57,86.0,9.17
272,salalah,75,OM,1530247800,89,17.01,54.1,84.2,8.05
273,nioro,0,GM,1530250461,98,13.79,-15.05,72.05,7.18
274,natal,20,BR,1530248400,83,-5.81,-35.21,73.4,4.7
275,qasigiannguit,48,GL,1530247800,86,68.82,-51.19,37.4,6.93
276,malaya serdoba,0,RU,1530250461,36,52.47,44.96,80.96,6.62
277,ust-kulom,0,RU,1530250461,41,61.69,53.69,66.92,3.71
278,mayabon,40,PH,1530248400,70,9.1,123.17,89.6,11.41
279,sambava,76,MG,1530250462,100,-14.27,50.17,74.39,14.79
280,port macquarie,0,AU,1530248400,77,-31.43,152.91,59.0,8.05
281,mehamn,75,NO,1530247800,87,71.03,27.85,44.6,16.11
282,fortuna,75,ES,1530248400,88,38.18,-1.13,73.4,4.7
283,detva,20,SK,1530248820,82,48.54,19.42,68.0,2.24
284,whitehorse,75,CA,1530248400,44,60.72,-135.06,59.0,12.75
285,mersing,36,MY,1530250463,87,2.43,103.84,85.73,8.75
286,hofn,80,IS,1530250463,94,64.25,-15.21,49.01,6.51
287,qaanaaq,0,GL,1530250463,86,77.48,-69.36,35.24,11.99
288,matamoros,1,US,1530247980,88,25.87,-97.51,82.4,12.75
289,telemaco borba,0,BR,1530250464,79,-24.32,-50.62,52.79,4.94
290,abu zabad,12,SD,1530250464,74,12.35,29.25,77.18,8.86
291,khartoum,0,SD,1530248400,57,15.59,32.54,78.8,11.41
292,sur,0,OM,1530250464,78,22.57,59.53,89.51,8.63
293,waingapu,44,ID,1530250464,56,-9.65,120.26,83.84,11.88
294,port hedland,48,AU,1530248400,12,-20.31,118.58,82.4,14.99
295,port-gentil,75,GA,1530248400,88,-0.72,8.78,75.2,6.93
296,grindavik,90,IS,1530248400,100,63.84,-22.43,51.8,10.29
297,luanda,90,AO,1530248400,83,-8.83,13.24,71.6,3.36
298,coracora,0,PE,1530250465,67,-15.02,-73.78,23.09,2.71
299,vila velha,75,BR,1530248400,74,-3.71,-38.6,78.8,16.11
300,hambantota,20,LK,1530250465,94,6.12,81.12,82.31,11.65
301,kloulklubed,90,PW,1530247980,79,7.04,134.26,84.2,5.82
302,saint-leu,75,RE,1530248400,43,-21.15,55.28,73.4,5.82
303,gweta,0,BW,1530250466,55,-20.21,25.26,46.67,6.62
304,paracatu,8,BR,1530250466,58,-17.22,-46.87,62.06,9.19
305,araouane,0,ML,1530250466,35,18.9,-3.53,73.31,6.17
306,nara,75,JP,1530248400,52,34.68,135.8,91.4,14.99
307,saint-francois,0,FR,1530248400,72,46.42,3.91,60.8,3.36
308,ixtapa,75,MX,1530247320,78,20.71,-105.21,82.4,1.25
309,ewa beach,90,US,1530249060,83,21.32,-158.01,80.6,3.36
310,moose factory,75,CA,1530248400,100,51.26,-80.61,51.8,5.82
311,talnakh,44,RU,1530250467,53,69.49,88.39,65.84,8.75
312,pando,92,UY,1530248400,87,-34.72,-55.96,53.6,3.36
313,agua verde,75,MX,1530247620,69,22.89,-105.97,82.4,4.7
314,beyneu,0,KZ,1530250467,21,45.32,55.19,97.34,6.4
315,roald,75,NO,1530249600,87,62.58,6.12,53.6,10.29
316,iwata,92,JP,1530250468,100,34.71,137.85,75.11,5.39
317,palmer,75,AU,1530248400,87,-34.85,139.16,51.8,21.92
318,nome,1,US,1530249300,88,30.04,-94.42,82.4,3.36
319,jalu,0,LY,1530250468,56,29.03,21.55,73.31,7.52
320,boda,92,BD,1530250469,100,26.2,88.56,79.16,3.71
321,mungwi,0,ZM,1530250469,55,-10.17,31.37,58.64,7.07
322,labuhan,92,ID,1530250469,89,-2.54,115.51,77.63,3.04
323,aripuana,0,BR,1530250469,82,-9.17,-60.63,72.86,2.04
324,caucaia,75,BR,1530248400,74,-3.73,-38.66,78.8,16.11
325,sao felix do xingu,0,BR,1530250469,64,-6.64,-51.99,76.37,2.71
326,nampula,75,MZ,1530248400,100,-15.12,39.26,66.2,4.7
327,khani,40,GE,1530248400,45,41.96,42.96,84.2,9.17
328,marzuq,0,YE,1530250470,21,14.4,46.47,88.43,4.16
329,kirakira,92,SB,1530250470,100,-10.46,161.92,79.61,20.04
330,prince albert,40,CA,1530248400,67,53.2,-105.75,57.2,2.24
331,cerrito,40,CO,1530248400,100,6.84,-72.7,66.2,4.7
332,port lincoln,80,AU,1530250471,100,-34.72,135.86,54.23,23.17
333,noumea,90,NC,1530248400,53,-22.28,166.46,75.2,6.93
334,tutoia,8,BR,1530250471,96,-2.76,-42.27,71.96,2.48
335,guerande,0,FR,1530248400,87,48.47,-4.17,62.6,5.82
336,kaitangata,48,NZ,1530250471,90,-46.28,169.85,44.96,5.39
337,buta,56,CD,1530250471,92,2.79,24.73,73.13,2.93
338,delta del tigre,92,UY,1530248400,87,-34.76,-56.41,53.6,3.36
339,aubel,0,BE,1530249900,72,50.7,5.86,62.6,9.17
340,manoel urbano,0,BR,1530250472,82,-8.84,-69.26,72.59,1.92
341,kavieng,24,PG,1530250472,100,-2.57,150.8,83.39,4.5
342,chaoyang,20,CN,1530250472,40,41.58,120.44,91.58,3.15
343,kulotino,0,RU,1530250472,44,58.46,33.37,77.36,8.19
344,mayumba,76,GA,1530250472,98,-3.44,10.65,71.06,3.6
345,sioux lookout,5,CA,1530248400,93,50.1,-91.92,68.0,2.59
346,samarai,92,PG,1530250473,100,-10.62,150.67,78.08,21.16
347,mahon,0,IE,1530248400,59,51.89,-8.4,62.6,4.7
348,suntar,8,RU,1530250473,53,62.16,117.65,73.22,6.17
349,norman wells,75,CA,1530248400,71,65.28,-126.83,57.2,8.05
350,nago,0,IT,1530247800,77,45.88,10.89,68.0,2.24
351,maragogi,68,BR,1530250474,99,-9.01,-35.22,72.23,7.18
352,ulladulla,75,AU,1530244800,47,-35.36,150.48,59.0,18.34
353,pisco,90,PE,1530248400,82,-13.71,-76.2,62.6,12.75
354,zhangye,48,CN,1530250474,86,38.94,100.46,77.99,4.61
355,biloela,100,AU,1530250474,87,-24.4,150.51,66.92,4.94
356,papara,75,BR,1530248400,74,-3.98,-38.73,78.8,16.11
357,prince rupert,90,CA,1530248460,100,54.32,-130.32,53.6,4.7
358,vysha,0,RU,1530250475,55,53.85,42.38,77.81,4.38
359,indramayu,68,ID,1530250475,66,-4.05,103.78,79.79,3.38
360,kamaishi,75,JP,1530248400,55,39.28,141.86,91.4,5.82
361,zhangjiakou,92,CN,1530250475,40,40.77,114.88,78.17,5.39
362,vardo,1,US,1530248100,73,39.62,-77.74,75.2,6.93
363,busca,75,IT,1530248400,77,44.52,7.47,62.6,4.7
364,la ronge,20,CA,1530248400,87,55.1,-105.3,50.0,4.61
365,antofagasta,90,CL,1530248400,66,-23.65,-70.4,55.4,4.7
366,staszow,48,PL,1530250476,84,50.56,21.17,68.63,9.53
367,kruisfontein,0,ZA,1530250476,95,-34.0,24.73,55.94,10.42
368,san lazaro,75,BZ,1530247200,83,18.04,-88.66,82.4,4.38
369,haines junction,44,CA,1530250476,47,60.75,-137.51,50.0,2.04
370,kovacica,75,RS,1530248400,93,45.11,20.62,66.2,8.05
371,gushikawa,75,JP,1530249240,79,26.35,127.87,89.6,9.17
372,paamiut,92,GL,1530250477,100,61.99,-49.67,38.12,8.75
373,mount gambier,68,AU,1530250369,81,-37.83,140.78,50.54,9.64
374,yarmouth,0,GB,1530249600,82,50.71,-1.5,60.8,6.93
375,tamasopo,80,MX,1530250477,98,21.92,-99.39,66.02,2.59
376,dobryatino,0,RU,1530250477,59,55.51,41.32,78.26,4.72
377,quatre cocos,20,MU,1530248400,56,-20.21,57.76,73.4,9.17
378,mao,75,DO,1530248400,94,19.55,-71.08,77.0,5.82
379,luau,0,CD,1530250478,41,-10.7,22.23,62.42,5.61
380,husavik,76,CA,1530250478,69,50.56,-96.99,65.66,2.93
381,gazanjyk,0,TM,1530250478,15,39.24,55.52,99.05,7.18
382,presidencia roque saenz pena,92,AR,1530250478,97,-26.79,-60.44,63.32,2.26
383,la asuncion,24,EC,1530250479,100,-1.64,-78.74,35.87,0.92
384,bubaque,0,GW,1530248400,94,11.28,-15.83,78.8,4.7
385,hirado,75,JP,1530248400,78,33.32,129.49,80.6,16.11
386,jacareacanga,100,BR,1530250479,76,-6.22,-57.76,77.63,1.59
387,bukachacha,48,RU,1530250479,61,52.99,116.91,68.54,3.6
388,quimper,0,FR,1530248400,72,48.0,-4.1,64.4,6.93
389,cabo rojo,56,PR,1530250479,100,18.09,-67.15,77.45,10.76
390,reshetylivka,92,UA,1530250479,73,49.56,34.08,72.95,10.42
391,vaasa,92,FI,1530249600,81,63.1,21.62,51.8,19.46
392,tyrma,32,RU,1530250480,82,50.04,132.17,70.16,3.83
393,west bay,0,GB,1530249600,87,50.71,-2.76,60.8,4.7
394,bonnyville,75,CA,1530248400,82,54.27,-110.74,55.4,3.36
395,yola,24,NG,1530250480,94,9.26,12.45,71.96,3.94
396,taoudenni,0,ML,1530250481,16,22.68,-3.98,83.66,13.22
397,joao pinheiro,0,BR,1530250481,53,-17.74,-46.17,63.32,8.52
398,zatoka,92,PL,1530250481,100,50.04,20.52,63.23,5.17
399,farim,0,GW,1530250481,96,12.48,-15.22,71.33,3.6
400,lasa,40,CY,1530250200,69,34.92,32.53,78.8,12.75
401,melilla,75,EC,1530248400,88,-0.8,-80.23,73.4,9.17
402,takoradi,64,GH,1530250482,100,4.89,-1.75,75.56,5.61
403,antalaha,44,MG,1530250482,100,-14.9,50.28,70.61,8.08
404,telimele,88,GN,1530250482,100,10.9,-13.03,69.35,3.27
405,isangel,88,VU,1530250482,100,-19.55,169.27,74.03,23.51
406,margate,75,AU,1530248400,87,-43.03,147.26,50.0,8.05
407,taltal,0,CL,1530250482,92,-25.41,-70.49,41.63,4.38
408,muzaffarabad,92,PK,1530250482,90,34.37,73.47,64.49,2.71
409,atasu,32,KZ,1530250483,78,48.68,71.64,74.75,13.67
410,thunder bay,20,CA,1530248400,82,48.41,-89.26,62.6,3.6
411,chapais,90,CA,1530248400,82,49.78,-74.86,62.6,5.82
412,morgan city,1,US,1530249300,94,29.7,-91.21,80.6,3.36
413,koudougou,20,BF,1530250483,95,12.25,-2.37,71.96,7.74
414,airai,8,TL,1530250483,53,-8.93,125.41,80.42,2.15
415,kichera,68,RU,1530250484,71,55.93,110.1,61.97,1.14
416,ambilobe,0,MG,1530250484,50,-13.19,49.05,78.53,10.09
417,ellenabad,44,IN,1530250484,96,29.45,74.66,83.93,14.23
418,sena madureira,0,BR,1530250484,81,-9.07,-68.66,73.31,1.81
419,tarko-sale,48,RU,1530250484,60,64.92,77.78,77.54,6.4
420,mogok,92,MM,1530250484,91,22.92,96.51,72.41,2.26
421,ambagarh chauki,88,IN,1530250484,92,20.78,80.75,77.63,7.74
422,anadyr,75,RU,1530248400,59,64.73,177.51,60.8,11.18
423,marystown,92,CA,1530250485,90,47.17,-55.16,51.89,13.78
424,geraldton,20,CA,1530248400,72,49.72,-86.95,62.6,3.94
425,bacolod,32,PH,1530250485,68,10.68,122.95,86.0,10.42
426,portland,20,US,1530248160,52,45.52,-122.67,66.2,10.29
427,mundo nuevo,0,CL,1530248400,93,-32.72,-71.41,46.4,2.82
428,kieta,88,PG,1530250486,96,-6.22,155.63,80.87,4.94
429,norden,20,DE,1530249900,93,53.59,7.21,59.0,6.93
430,saint-pierre,0,FR,1530248400,82,48.95,4.24,66.2,6.93
431,harrison,1,US,1530249300,94,39.26,-84.82,71.6,3.36
432,amga,88,RU,1530250487,74,60.89,131.98,66.83,1.14
433,loikaw,88,MM,1530250487,96,19.67,97.21,72.14,2.93
434,ucluelet,76,CA,1530250487,95,48.94,-125.55,51.35,1.25
435,lugovoy,92,RU,1530250487,80,59.72,65.88,63.77,13.78
436,montalban,36,PH,1530250487,93,12.17,124.88,83.93,9.53
437,araguari,0,BR,1530244800,59,-18.65,-48.19,62.6,9.17
438,lawton,1,US,1530249300,58,34.61,-98.39,89.6,11.41
439,puerto quijarro,0,BO,1530250488,79,-19.0,-57.72,68.0,4.5
440,ishigaki,20,JP,1530248400,70,24.34,124.16,87.8,9.17
441,vila franca do campo,40,PT,1530248400,77,37.72,-25.43,68.0,10.29
442,ibra,0,OM,1530250488,15,22.69,58.55,101.84,3.38
443,yurga,32,RU,1530250489,88,55.71,84.93,79.07,5.39
444,pelym,0,RU,1530250489,45,61.01,62.0,64.94,9.31
445,san antonio,90,CL,1530248400,100,-33.58,-71.61,44.6,2.24
446,victor harbor,75,AU,1530248400,87,-35.55,138.62,51.8,21.92
447,lyantonde,8,UG,1530250490,82,-0.41,31.15,68.45,4.27
448,chinsali,0,ZM,1530250490,57,-10.55,32.07,60.08,11.21
449,limekilns,75,GB,1530249600,100,56.03,-3.48,60.8,10.29
450,amapa,40,HN,1530244800,100,15.09,-87.97,80.6,9.17
451,insch,75,GB,1530249600,100,57.34,-2.61,53.6,3.36
452,vao,92,EE,1530250491,82,59.1,26.19,59.63,8.52
453,smirnykh,92,RU,1530250491,96,49.74,142.83,49.28,8.08
454,teknaf,88,BD,1530250491,96,20.86,92.31,78.53,4.38
455,harrisonburg,1,US,1530248100,88,38.45,-78.87,73.4,3.36
456,cidreira,92,BR,1530250492,97,-30.17,-50.22,61.52,7.63
457,paysandu,92,UY,1530250492,96,-32.32,-58.08,58.64,3.04
458,khatanga,36,RU,1530250492,64,71.98,102.47,65.57,11.99
459,dobson,1,US,1530249300,83,36.4,-80.72,75.2,3.15
460,manado,40,ID,1530248400,74,1.49,124.85,84.2,5.82
461,carutapera,44,BR,1530250492,97,-1.2,-46.02,75.83,3.15
462,baker city,1,US,1530248160,62,44.77,-117.83,62.6,6.93
463,chippewa falls,1,US,1530248160,78,44.94,-91.39,75.2,6.93
464,hovd,75,NO,1530249600,87,63.83,10.7,48.2,17.22
465,bitung,40,ID,1530248400,74,1.44,125.19,84.2,5.82
466,mitsamiouli,20,KM,1530248400,83,-11.38,43.28,69.8,5.82
467,mount isa,75,AU,1530248400,42,-20.73,139.49,80.6,6.93
468,cajati,24,BR,1530250493,93,-24.73,-48.11,58.01,2.82
469,constitucion,44,MX,1530250493,92,23.99,-104.67,57.92,2.82
470,purpe,80,RU,1530250493,55,64.48,76.69,79.07,4.94
471,sekoma,0,BW,1530250493,48,-24.51,23.93,49.73,13.22
472,gamba,48,CN,1530250494,83,28.28,88.52,38.66,1.03
473,burnie,88,AU,1530250494,100,-41.05,145.91,53.87,15.01
474,cam ranh,0,VN,1530250494,100,11.92,109.15,84.02,5.39
475,valdosta,1,US,1530248160,94,30.83,-83.28,73.4,6.96
476,kidal,0,ML,1530250494,40,18.44,1.41,79.16,10.2
477,komsomolskiy,0,RU,1530250494,67,67.55,63.78,53.69,6.73
478,mitu,0,IR,1530250495,18,36.2,46.09,86.54,2.37
479,jos,44,NG,1530250454,97,9.92,8.9,65.3,5.73
480,hatillo,80,PR,1530250495,93,18.49,-66.83,79.7,13.0
481,baykit,0,RU,1530250495,61,61.68,96.39,71.42,5.73
482,zhezkazgan,75,KZ,1530248400,30,47.8,67.71,82.4,13.42
483,bridlington,40,GB,1530249600,93,54.08,-0.19,57.2,4.7
484,mezhdurechensk,48,RU,1530250495,50,53.69,88.07,80.69,2.48
485,tvoroyri,64,FO,1530249600,100,61.56,-6.81,46.4,6.93
486,laguna,24,MX,1530250333,49,27.52,-110.01,83.21,4.5
487,bad sooden-allendorf,0,DE,1530249600,59,51.27,9.97,64.4,4.7
488,cherskiy,92,RU,1530250496,85,68.75,161.3,37.58,7.4
489,sabang,80,PH,1530250496,89,13.72,123.58,84.74,6.62
490,ayame,80,CI,1530250496,100,5.61,-3.16,74.12,3.83
491,beira,92,ES,1530248400,93,43.2,-8.36,60.8,2.24
492,nalut,0,LY,1530250497,32,31.86,10.98,72.23,6.4
493,pryyutivka,64,UA,1530250497,76,48.72,33.07,75.56,11.32
494,chihuahua,92,MX,1530250385,98,28.66,-106.08,61.16,3.04
495,merrill,1,US,1530247980,71,42.03,-121.6,53.6,3.36
496,uspenskaya,0,RU,1530250497,30,45.78,41.07,91.67,14.0
497,yumen,76,CN,1530250497,46,40.29,97.04,83.66,4.5
498,shirokiy,64,RU,1530250498,52,53.87,39.17,76.19,5.95
499,olga,1,US,1530248400,77,34.11,-118.17,73.4,6.93
500,baryatino,12,RU,1530250498,53,54.31,34.52,75.29,3.94
501,diamantino,0,BR,1530250498,82,-14.4,-56.44,59.99,1.48
502,yamoussoukro,75,CI,1530248400,94,6.81,-5.27,73.4,6.93
503,santa marta,75,CO,1530244800,69,11.24,-74.21,82.4,4.7
504,gimli,76,CA,1530250499,69,50.63,-96.99,65.66,2.93
505,coquimbo,0,CL,1530248400,87,-29.95,-71.34,48.2,3.36
506,xiaoshi,48,CN,1530250499,90,30.59,116.63,80.96,3.6
507,kiama,75,AU,1530244800,47,-34.67,150.86,59.0,18.34
508,westport,0,IE,1530248400,67,53.8,-9.52,62.6,6.93
509,rakamaz,0,HU,1530248400,73,48.12,21.48,69.8,18.34
510,katherine,75,AU,1530248400,40,-14.47,132.26,86.0,12.75
511,flagstaff,1,US,1530248220,25,35.2,-111.65,80.6,8.05
512,pangnirtung,92,CA,1530250500,97,66.15,-65.72,30.74,1.36
513,esmeralda,92,CL,1530250500,94,-34.33,-70.9,45.59,2.59
514,nizhniy odes,0,RU,1530250500,51,63.64,54.86,64.94,3.38
515,ballina,0,IE,1530248400,67,54.11,-9.15,62.6,6.93
516,hay river,90,CA,1530248400,93,60.82,-115.79,48.2,4.7
517,mastic,1,US,1530249300,100,40.8,-72.84,71.6,3.36
518,san ramon,56,NI,1530250501,78,12.92,-85.84,70.16,5.39
519,mercedes,92,UY,1530250501,98,-33.25,-58.03,57.92,3.04
520,numan,68,NG,1530250502,95,9.46,12.04,72.77,11.77
521,tazovskiy,100,RU,1530250502,61,67.47,78.7,70.97,9.75
522,gat,76,SN,1530248400,94,14.69,-16.54,77.0,5.28
523,klyuchi,80,RU,1530250502,60,52.25,79.17,74.66,17.02
524,golden,68,CA,1530250502,71,51.3,-116.96,44.51,1.7
525,nacala,88,MZ,1530250502,94,-14.56,40.69,75.83,14.23
526,walvis bay,90,NA,1530248400,100,-22.95,14.51,46.4,2.24
527,avenal,1,US,1530248160,41,36.0,-120.13,80.6,12.75
528,bandarbeyla,0,SO,1530250503,69,9.49,50.81,80.96,24.29
529,beberibe,75,BR,1530248400,74,-4.18,-38.13,78.8,16.11
530,krasnyy yar,20,RU,1530250503,25,50.7,44.73,83.84,9.31
531,puerto el triunfo,0,SV,1530247800,88,13.27,-88.55,78.8,2.24
532,matehuala,0,MX,1530250504,75,23.65,-100.64,58.19,5.39
533,miass,56,RU,1530250504,100,55.07,60.11,64.4,3.6
534,beloha,0,MG,1530250504,75,-25.17,45.06,68.72,4.83
535,puerto escondido,80,MX,1530250504,100,15.86,-97.07,83.21,6.29
536,kungurtug,32,RU,1530250504,41,50.6,97.53,72.77,5.73
537,tilichiki,88,RU,1530250504,66,60.47,166.1,61.16,7.96
538,maroua,56,CM,1530250505,91,10.6,14.33,73.94,4.16
539,dezful,0,IR,1530250505,19,32.38,48.4,103.73,3.38
540,saint-georges,88,CA,1530250505,97,46.12,-70.67,62.96,3.04
541,verkhoyansk,12,RU,1530250505,41,67.55,133.39,67.46,5.39
542,lakhimpur,90,IN,1530248400,100,27.24,94.1,77.0,3.36
543,alto araguaia,0,BR,1530250506,56,-17.32,-53.22,62.06,6.17
544,tanout,20,NE,1530250506,86,14.97,8.88,73.49,9.98
545,rundu,0,NA,1530250506,64,-17.91,19.77,43.25,3.71
546,shimanovsk,76,RU,1530250506,78,52.0,127.67,71.51,3.49
547,shediac,90,CA,1530248400,100,46.22,-64.55,60.8,19.46
548,meulaboh,32,ID,1530250507,96,4.14,96.13,86.0,3.6
549,baruun-urt,12,MN,1530250507,38,46.68,113.28,81.95,10.2
550,portsmouth,0,GB,1530249600,82,50.8,-1.08,60.8,6.93
551,umm kaddadah,12,SD,1530250507,77,13.6,26.69,75.11,7.74
552,boa vista,36,BR,1530250508,98,2.82,-60.67,72.77,2.59
553,dubasari,20,MD,1530248400,83,47.26,29.16,71.6,5.82
554,tubajon,24,PH,1530250508,91,10.33,125.56,85.01,9.31
555,namtsy,24,RU,1530250508,58,62.72,129.66,69.44,4.72
556,koumra,92,TD,1530250509,93,8.92,17.55,72.32,7.18
557,nishihara,20,JP,1530248400,55,35.74,139.53,93.2,16.11
558,finschhafen,100,PG,1530250509,94,-6.6,147.85,74.21,3.15
559,singaparna,36,ID,1530250509,80,-7.35,108.11,72.77,2.71
560,lesozavodsk,44,RU,1530250509,89,45.47,133.42,74.84,11.54
